Data_Hora,IdTweet,Tweet,Candidato
2022-08-01 18:42:58+00:00,1554175876950016003,@carlos_galhego Em breve ele vai ter que ter algu√©m servindo √°gua pra ele mesmo ele n√£o vai d√° conta de beber sozinho. Lula √© ladrao,Lula
2022-08-01 18:42:57+00:00,1554175870960603136,"O mair t√©cnico brasileiro, e um dos maiores do mundo, incontestavelmente!!!
Lula √≠dolo eterno!!! üè≥Ô∏èüè¥üê≥üáßüá∑ https://t.co/7UEZGLCOKr",Lula
2022-08-01 18:42:55+00:00,1554175860604866560,@Brunobam @cartacapital N√£o vai comprimir em dar 1200 reais de aux√≠lio para as m√£es solteiras e fazer pol√≠ticas sociais voltados para pessoas especiais? Plmdds estamos falando do Lula n√£o do Bolsonaro kkkk,Lula
2022-08-01 18:42:54+00:00,1554175858490974216,"@pablomarcal A DIRE√á√ÉO nacional do PROS mudou e o novo diretor √© apoiador do LULA, sua candidatura ser√° revista?",Lula
2022-08-01 18:42:52+00:00,1554175850219769859,"ü§©62 DIASü§© 
@LulaOficial 
#LulaNo1¬∫Turno https://t.co/KDAnEpAjGE",Lula
2022-08-01 18:42:52+00:00,1554175848198115328,"@MBLivre @arthurmoledoval Quero saber uma coisa , j√° que o Moro vai subir no palanque do lula vcs vai apoia lo tbm ?? Deixaram de apoiar bolsonaro pra chegarem a isso ???",Lula
2022-08-01 18:42:49+00:00,1554175837456449540,@SensoCrtico1 Mais uma eleitora do PT que o Lula tirou da pobreza.,Lula
2022-08-01 18:42:49+00:00,1554175837267697666,"Segundo proje√ß√µes de PL e PT, tanto @jairbolsonaro quanto @LulaOficial ter√£o em torno de 3 minutos cada durante a propaganda eleitoral. https://t.co/5hJoNKdR9S",Lula
2022-08-01 18:42:48+00:00,1554175835216781314,"@LulaOficial Ue, com os BILH√ïES que tu e teu partido ROUBARAM, n√£o daria pra resolver. CANALHA!!!",Lula
2022-08-01 18:42:48+00:00,1554175833912262657,"@MarceloFreixo @LulaOficial Esquece, Frouxo!! Voc√™s j√° eram!! #CapitaoNoPrimeiroTurno",Lula
2022-08-01 18:42:48+00:00,1554175833648123908,"@senadorhumberto @LulaOficial S√≥ se for pra voltar para cadeia e d√™ prefer√™ncia contigo junto, dr√°cula da Odebrecht!!!",Lula
2022-08-01 18:42:48+00:00,1554175832377155585,"@HEVUELTOPAJARR1 @CarlosEguiaUno claaaa como el otro forro...pero hasta que se cay√≥ todo Lula se comi√≥ dos a√±os, pero bueno no ten√≠a Fueros y los brasile√±os no son de salir a hacer quilombo en masa",Lula
2022-08-01 18:42:48+00:00,1554175831831990272,@Elaine47525723 @LulaOficial Vai l√° tomar 35578743278 doses de vacina e mesmo assim pegar COVID üòÇüòÇüòÇ,Lula
2022-08-01 18:42:45+00:00,1554175821799194630,@LourencoBRA @DonaRight @LulaOficial Pediram da mesma forma que falam de alguma coisa positiva sobre o Lula.,Lula
2022-08-01 18:42:45+00:00,1554175821287391232,@rennatodutra Lula,Lula
2022-08-01 18:42:44+00:00,1554175817600622593,"@folha Quando era os 98 reais do Lula, ningu√©m reclamava",Lula
2022-08-01 18:42:43+00:00,1554175813783887874,@LulaOficial @ricardostuckert https://t.co/ZfwJ1and5l,Lula
2022-08-01 18:42:43+00:00,1554175810894024704,@LulaOficial https://t.co/gZSj3oiDP6,Lula
2022-08-01 18:42:41+00:00,1554175805873393667,Dia HIST√ìRICO: Mais um LEGADO de Bolsonaro + LULA Mentiu at√© SOBRE o PT ... https://t.co/yxwcj4dwSO via @YouTube,Lula
2022-08-01 18:42:41+00:00,1554175804380250116,"@FelizsouMengao @LulaOficial Kkk
#BolsonaroReeleito2022  pra esses dois canalhas",Lula
2022-08-01 18:42:39+00:00,1554175796520140800,"Mais de 33 milh√µes de pessoas passando fome no Brasil, e o inomin√°vel tem culpa nessa crise. Promoveu o desmonte do maior programa nacional de acesso a alimentos e fortalecimento da agricultura familiar. @LulaOficial 
#LulaEoPTReconstruirOBrasil https://t.co/8Qib7fBixe",Lula
2022-08-01 18:42:39+00:00,1554175793982574592,@faornelas RT. LULA √â CRETINO DESDE SEMPRE. CRIA DA DITADURA.,Lula
2022-08-01 18:42:38+00:00,1554175789305847808,"@LulaOficial 3/3
Lotado ü§™ https://t.co/R7gcvs26Qa",Lula
2022-08-01 18:42:37+00:00,1554175785824657408,@PedroJNepo @LulaOficial Lula Presidente!,Lula
2022-08-01 18:42:36+00:00,1554175781475164160,"@LulaOficial Falou a criatura que nunca trabalhou üôÑüôÑ
Vai sonhando ... üò¥üò¥ https://t.co/pgbJqLs5UN",Lula
2022-08-01 18:42:32+00:00,1554175767004778497,@Emers2Nunes @Omardeideais @LulaOficial KKKKK MAS QUE POHA √â ESSA KKKKKKKKKKKKKKKKKK,Lula
2022-08-01 18:42:32+00:00,1554175766849519617,"@CoronelHomeroSP @Anitta @LulaOficial Projeto de lula?

Vc sabe que isso est√° acontecendo NESTE MOMENTO onde BOLSONARO √© o presidente, n√©? kkkkkkkk

E vcs est√£o permitindo kkkkkkkk",Lula
2022-08-01 18:42:31+00:00,1554175760616808448,"@cirogomes Com Lula, diz, foi diferente. ‚ÄúTodos faziam muito alarde quando me viam, mas ningu√©m ajudou. O Lula ajudou. Criou uma indeniza√ß√£o, porque essas pessoas eram arrancadas de suas casas feito cachorro na carrocinha. N√£o posso falar mal do presidente Lula.‚Äù
Ney",Lula
2022-08-01 18:42:29+00:00,1554175752798715905,@alexandrekalil @LulaOficial Kkkkkkkkkkkk,Lula
2022-08-01 18:42:28+00:00,1554175747497119744,"@Aisha_com_vida @alfredolimaaaa @LulaOficial @ptbrasil Kkkkkkkkk tantos m√©dicos ficaram desempregados com o mais m√©dicos, n√©? Tadinhos, catando osso no lixo pra sobreviver. Voc√™ √© uma CHACOTA.",Lula
2022-08-01 18:42:27+00:00,1554175744019922944,"ü§©62 DIASü§© 
@LulaOficial 
#LulaNo1¬∫Turno https://t.co/sD56dqyqyU",Lula
2022-08-01 18:42:26+00:00,1554175741457301505,"@Rjyag0 @LulaOficial Tem certo e errado sim!!
Olhe os fatos!! Existe alguna prova das milhares de mortes?? Quem mandou fechar tudo e obrigou a tomar vacina, n√£o foi o presidente!!
Contra o molusco existem provas de monte!! Vc n√£o enxerga pq j√° tem a cabe√ßa feita!! Pense por vc mesmo!!",Lula
2022-08-01 18:42:26+00:00,1554175740668792834,@LulaOficial Parece pouca coisa mas s√£o 30 milh√µes de brasileiros sem esse direito,Lula
2022-08-01 18:42:24+00:00,1554175732410204160,"@AndrePr93429454 @MonteiroRogerys @LulaOficial Que copo?
Ele roubou at√© o copo!",Lula
2022-08-01 18:42:21+00:00,1554175719533682688,"@Jeberson15 @BanksFulana @victorsalespro @monark Boa gado. Enquanto voc√™ repete essa mentira que a Globo defende o Lula pq quer dinheiro do Governo, o Governo Bolsonaro dobra os gastos com a Globo pra fazer propaganda eleitoral nela em ano de elei√ß√£o e tentar ganhar do Lula kkk

https://t.co/q7er8UFJDv",Lula
2022-08-01 18:42:20+00:00,1554175716408844289,@LulaOficial Um desvia dinheiro p√∫blico o outro desvia merenda dois ladr√µes ü§Æü§Æü§Æ,Lula
2022-08-01 18:42:20+00:00,1554175714358104064,@LulaOficial sai fora inimigo kkkkkkkkkkk,Lula
2022-08-01 18:42:18+00:00,1554175706422198272,"@renato_rovai T√° ok Renato Rovai. E que tal apoiar o maior corrupto da hist√≥ria desse pa√≠s? Apoiar o Lula deveria ser motivo dd vergonha para quem tem. Para quem n√£o tem vergonha na cara, tanto faz",Lula
2022-08-01 18:42:16+00:00,1554175697102438401,"@taoquei1 √â insano imaginar algu√©m votando em Lula, ladr√£o e corrupto que foi condenado, aliado das FARCs, PCC e narcotr√°fico!! Realmente √© comprova√ß√£o da degrada√ß√£o moral da sociedade Brasileira.",Lula
2022-08-01 18:42:15+00:00,1554175696863379459,"@ricarte_moises @huxcleybr @guilhermevrc @LulaOficial Cara‚Ä¶q papo de maluco. O q significa ‚Äúdepositar a esperan√ßa numa pessoa‚Äù? Eleger um candidato ou fazer campanha pra presidente √© ‚Äúrid√≠culo‚Äù?! Pessoas morreram no Brasil, lutando pra q a gente tivesse esse direito.",Lula
2022-08-01 18:42:15+00:00,1554175694128685056,"@LulaOficial Ser√° que um len√ßo n√£o da para enxugar as lagrimas do fracasso, ser√° necess√°rio uma toalha? üòÇüòÇüòÇüòÇüòÇüòÇüòÇüòÇüòÇ",Lula
2022-08-01 18:42:15+00:00,1554175693222805571,@LulaOficial https://t.co/T9J4iyc44s,Lula
2022-08-01 18:42:14+00:00,1554175690999828482,@LulaOficial Devolve a grana da corrup√ß√£o porque que a popula√ß√£o j√° est√° feliz com o governo atual. O melhor ap√≥s o regime militar.,Lula
2022-08-01 18:42:14+00:00,1554175688781008901,"@BiradoPindare @LulaOficial @PSBNacional40 @csiqueirapsb @PSBMaranhao_40 Eita Bira, boa sorte no pleito, apesar de Kid Nove Dedos.",Lula
2022-08-01 18:42:14+00:00,1554175688680382466,@MarceloFreixo @LulaOficial https://t.co/44XkX8ufHh,Lula
2022-08-01 18:42:13+00:00,1554175687774420995,@blogdopannunzio @LulaOficial Tancredo Neves tinha raz√£o mesmo.,Lula
2022-08-01 18:42:12+00:00,1554175681675788290,@JornalDaCidadeO Deve ser eleitor do Lula,Lula
2022-08-01 18:42:10+00:00,1554175672859369473,"ü§©62 DIASü§© 
@LulaOficial 
#LulaNo1¬∫Turno https://t.co/mkqeap2q3N",Lula
2022-08-01 18:42:08+00:00,1554175665288744963,@SigaGazetaBR IMAGINE SE O SR. PRESIDENTE BOLSONAR0 FOSSE REALMENTE ANTI DEMOCR√ÅTICO ? SERIA UM LULA DA VIDA !,Lula
2022-08-01 18:42:07+00:00,1554175662985969664,@Janecleideoli12 @CabralAndradeL @LulaOficial Dinheiro de pinga pra mim üëç,Lula
2022-08-01 18:42:07+00:00,1554175662872821761,Eleitor agradece Lula por queda no pre√ßo da gasolina: ‚ÄúSe n√£o tivesse em 1¬∫ nas pesquisas‚Ä¶‚Äù (veja¬†v√≠deo) https://t.co/L58fj6HP0u,Lula
2022-08-01 18:43:00+00:00,1554175883396714498,@Metropoles @jairbolsonaro Rid√≠culo,Bolsonaro
2022-08-01 18:42:59+00:00,1554175880875892738,"@CarlaZambelli38 
@taoquei1 
@profpaulamarisa 
@jairbolsonaro 
@kimpaim https://t.co/sg5Tw7GdlJ",Bolsonaro
2022-08-01 18:42:59+00:00,1554175879785463810,"@JoseMedeirosMT @jairbolsonaro Sem renner, sem magalu. J√° j√° vamos ter que viver de pedra segundo seu racioc√≠nio bovino",Bolsonaro
2022-08-01 18:42:59+00:00,1554175879617646594,"@baia_canuto @jairbolsonaro √â fac√≠limo criticar a Argentina omitindo totalmente o Governo Macri (direitalha fracassada) q, de t√£o maraqvilhoso, que o povo Argentino meteu o p√© na bunda e voltou para a esquerda. ü§£ü§£üòÇüòÇüòÖüòÖ https://t.co/ftpB6455ad",Bolsonaro
2022-08-01 18:42:57+00:00,1554175871799418881,"@xicograziano Segundo turno ter√° de ir de Bolsonaro, √© Jair ou j√° era!",Bolsonaro
2022-08-01 18:42:56+00:00,1554175866518880257,@bmodolo Bolsonaro de novo pra sorte at√© de esquerdista,Bolsonaro
2022-08-01 18:42:55+00:00,1554175864417488899,@JoseMedeirosMT @marquessileni @jairbolsonaro Com certeza e iremos viver . Ser√° a segunda magazine Luiza.,Bolsonaro
2022-08-01 18:42:55+00:00,1554175860604866560,@Brunobam @cartacapital N√£o vai comprimir em dar 1200 reais de aux√≠lio para as m√£es solteiras e fazer pol√≠ticas sociais voltados para pessoas especiais? Plmdds estamos falando do Lula n√£o do Bolsonaro kkkk,Bolsonaro
2022-08-01 18:42:54+00:00,1554175858058973187,"PESQUISA IBOPE, REVELA QUE  OS BRASILEIROS MAIS INTELIGENTES OU COM MAIOR ESCOLARIDADE VOTAM EM JAIR BOLSONARO! KKKKKKKKKKK ü§£ü§£ü§£ü§£ü§£ü§£ü§£ü§£ü§£ü§£ https://t.co/8V5qWi3EQr",Bolsonaro
2022-08-01 18:42:52+00:00,1554175850987266050,"@JoseMedeirosMT @jairbolsonaro Mais uma loja que n√£o entro mais, s√£o uns cara de pau esses sujeito, querem tudo de bom pra eles e mis√©ria pro povo.",Bolsonaro
2022-08-01 18:42:52+00:00,1554175848198115328,"@MBLivre @arthurmoledoval Quero saber uma coisa , j√° que o Moro vai subir no palanque do lula vcs vai apoia lo tbm ?? Deixaram de apoiar bolsonaro pra chegarem a isso ???",Bolsonaro
2022-08-01 18:42:51+00:00,1554175845564030976,"@gilbertogallo13 @JoseMedeirosMT @jairbolsonaro @Lojas_Renner N√ÉO PODEMOS VIVER COM O CAPET√ÉO
viva @Lojas_Renner - longu√≠ssima vida
https://t.co/3sMMR0EmNL",Bolsonaro
2022-08-01 18:42:50+00:00,1554175843722821633,"MEU PAI ACABA DE SOLTAR UM
""-Filho vc que gosta de nfl, conhece o jaguars? tor√ßo pra eles agr pq o t√©cnico pederson gosta do Bolsonaro.""
tantos anos tentando convencer esse velho a assistir e ele resolve gostar por um motivo merda desses",Bolsonaro
2022-08-01 18:42:49+00:00,1554175839528525826,@Rhana77886942 @SergioThome3 Povo est√° com Bolsonaro somente alguns ac√©falos votam no LOOLA,Bolsonaro
2022-08-01 18:42:49+00:00,1554175837267697666,"Segundo proje√ß√µes de PL e PT, tanto @jairbolsonaro quanto @LulaOficial ter√£o em torno de 3 minutos cada durante a propaganda eleitoral. https://t.co/5hJoNKdR9S",Bolsonaro
2022-08-01 18:42:48+00:00,1554175831378903040,@sergioj1612 @Sandroprofmat @Valdecirdelecl1 @jairbolsonaro Vc entendeu oque eu disse  nao se fa√ßa  de tonto,Bolsonaro
2022-08-01 18:42:43+00:00,1554175812278034432,@erikazinhauau @MajorVitorHugo @CaravanaMccoy @jairbolsonaro Deixa esse capacho de Bolsonaro entrar no barco furado.,Bolsonaro
2022-08-01 18:42:43+00:00,1554175810684297217,@JoseMedeirosMT @jairbolsonaro Com certeza podemos viver sem a Renner!!!,Bolsonaro
2022-08-01 18:42:42+00:00,1554175809006485506,@nastrin3 @brom_elisa @AlphaCentauro67 @jairbolsonaro Moce? ü§î üòÇüòÇüòÇüòÇüòÇ,Bolsonaro
2022-08-01 18:42:41+00:00,1554175805873393667,Dia HIST√ìRICO: Mais um LEGADO de Bolsonaro + LULA Mentiu at√© SOBRE o PT ... https://t.co/yxwcj4dwSO via @YouTube,Bolsonaro
2022-08-01 18:42:40+00:00,1554175801196773380,"@RtBRrock87 @OGloboPolitica @jairbolsonaro Ele mesmo √© maior mamador,mama h√° mais de 30 anos e ainda botou os filhos todos pra mamar kkk",Bolsonaro
2022-08-01 18:42:40+00:00,1554175799015653376,@diogomainardi Vc vai ter que aguentar mais 4 anos do Bolsonaro... https://t.co/rrF4ZiHePA,Bolsonaro
2022-08-01 18:42:40+00:00,1554175798902493190,@ThiagoResiste BOLSONARO N√ÉO TRABALHA,Bolsonaro
2022-08-01 18:42:38+00:00,1554175792833232901,eu fujo do bolsonaro 100% brasil,Bolsonaro
2022-08-01 18:42:38+00:00,1554175790132109312,@nise_dra @aDaniDisse_ @mqueiroga2 @jairbolsonaro @BolsonaroSP Pelo amor de Deus diz que √© mentira isso.....,Bolsonaro
2022-08-01 18:42:37+00:00,1554175786990583808,"Espert: Bolsonaro es un ser oscuro, clasista y elitista. https://t.co/zXBZzd8YSv",Bolsonaro
2022-08-01 18:42:37+00:00,1554175786940338176,"@JoseMedeirosMT @elisangelacali2 @jairbolsonaro Coisa  feia  hein  Jos√©  Medeiros o sr tem o mesmo  modus operantis da esquerda!
Ficar  incentivando  cancelamentos  e um ato  bem nojento!",Bolsonaro
2022-08-01 18:42:35+00:00,1554175779092701189,"@CamargoDireita Voc√™ tem a hombridade de dizer qual foi a trai√ß√£o!!!!

Cuidado‚Ä¶. Bolsonaro n√£o √© confi√°vel! Sua vez chegar√°, n√£o adianta puxar o saco. Olha o que ele fez com:
- Bia kicisi
- Karnak zambelli
- Damares
- Ernesto Ara√∫jo 
- Salles
Estou esperando sua resposta?",Bolsonaro
2022-08-01 18:42:34+00:00,1554175773526867968,Bolsonaro n√£o trabalha. https://t.co/5tKoIsBQmj,Bolsonaro
2022-08-01 18:42:34+00:00,1554175772730036231,@tesoureiros BOLSONARO N√ÉO TRABALHA,Bolsonaro
2022-08-01 18:42:33+00:00,1554175769399681024,"Com vela e frango, ser√°? ü§îMichelle Bolsonaro leva evang√©licos para orar de madrugada dentro do Pal√°cio do Planalto https://t.co/Buj1vs9bCC",Bolsonaro
2022-08-01 18:42:32+00:00,1554175767306813442,"@AndreQueirozz4 @Alberto96652128 @nise_dra @mqueiroga2 @jairbolsonaro @BolsonaroSP @Astro_Pontes Tira o cabresto cara, quem sabe assim vc consiga enxergar direito.",Bolsonaro
2022-08-01 18:42:32+00:00,1554175766849519617,"@CoronelHomeroSP @Anitta @LulaOficial Projeto de lula?

Vc sabe que isso est√° acontecendo NESTE MOMENTO onde BOLSONARO √© o presidente, n√©? kkkkkkkk

E vcs est√£o permitindo kkkkkkkk",Bolsonaro
2022-08-01 18:42:31+00:00,1554175760805482496,"What for, in the hell, do you interview a potential terrorist like Bolsonaro 03, @FinancialTimes? 

https://t.co/ICJDcTY7lF",Bolsonaro
2022-08-01 18:42:28+00:00,1554175748654743554,@folha Bolsonaro t√° tendo tanto apoio e engajamento nas redes como? Eu n√£o sei porque ele est√° crescendo tanto agora. As pessoas enlouqueceram?,Bolsonaro
2022-08-01 18:42:27+00:00,1554175746599292928,"Surge um arquivo in√©dito sobre Bolsonaro, m√≠dia se cala, mas a verdade est√° protegida e ir√° prevalecer https://t.co/9VYCkmSnqA",Bolsonaro
2022-08-01 18:42:27+00:00,1554175743692881921,@tesoureiros BOLSONARO N√ÉO TRABALHA,Bolsonaro
2022-08-01 18:42:26+00:00,1554175739016232962,@JoseMedeirosMT @jairbolsonaro N√£o compro nada nesse lugar. Tudo caro.,Bolsonaro
2022-08-01 18:42:25+00:00,1554175735253897221,"@reginahricca @JoseMedeirosMT @jairbolsonaro Sensato √© querer o ladr√£o de volta ent√£o. Eita povinho de mem√≥ria curta. N√£o quer Bolsonaro? Faz parte, mas votar no ladr√£o? Sei l√°.",Bolsonaro
2022-08-01 18:42:24+00:00,1554175734230523905,@folha Presta ATEN√á√ÉO para o Paran√° Pesquisas dar 40% para Bolsonaro em S√£o Paulo estando a Frente do Presidiario √© porqu√™ no minimo tem 50% https://t.co/mR1QO6G09o,Bolsonaro
2022-08-01 18:42:24+00:00,1554175731382509569,@FlavioBolsonaro Bolsonaro,Bolsonaro
2022-08-01 18:42:22+00:00,1554175724097003520,"@DiegoMontelo @Hrlei1 @WanderleiTO @Laurez_Moreira @cirogomes Olha, no primeiro turno eu vou votar numa mulher. No segundo, eu te garanto que n√£o √© no Bolsonaro.",Bolsonaro
2022-08-01 18:42:21+00:00,1554175721999925251,@fabiofaria @jairbolsonaro Grande dia,Bolsonaro
2022-08-01 18:42:21+00:00,1554175721173647362,@FlavioBolsonaro @jairbolsonaro https://t.co/AIp6DVHstk,Bolsonaro
2022-08-01 18:42:21+00:00,1554175720519344135,BOLSONARO N√ÉO TRABALHA https://t.co/7rE1mfE3HI,Bolsonaro
2022-08-01 18:42:21+00:00,1554175719533682688,"@Jeberson15 @BanksFulana @victorsalespro @monark Boa gado. Enquanto voc√™ repete essa mentira que a Globo defende o Lula pq quer dinheiro do Governo, o Governo Bolsonaro dobra os gastos com a Globo pra fazer propaganda eleitoral nela em ano de elei√ß√£o e tentar ganhar do Lula kkk

https://t.co/q7er8UFJDv",Bolsonaro
2022-08-01 18:42:16+00:00,1554175698700574725,@mfriasoficial @jairbolsonaro Mais um excremento querendo boiar no esgoto do Congresso.,Bolsonaro
2022-08-01 18:42:15+00:00,1554175694468485120,17 e 22 os dois n√∫meros de bolsonaro https://t.co/G8yHk580BN,Bolsonaro
2022-08-01 18:42:15+00:00,1554175693369626632,Ciro e Bolsonaro podem ter se aliado https://t.co/ypg4tLWpbv,Bolsonaro
2022-08-01 18:42:14+00:00,1554175689670139907,"Entro em p√¢nico psicol√≥gico quando vejo esse povo nojento, podre e perverso apoiando o bosta lixo do bolsonaro",Bolsonaro
2022-08-01 18:42:11+00:00,1554175678806953985,@JoseMedeirosMT @jairbolsonaro Minha mulher n√£o concordaria com isso,Bolsonaro
2022-08-01 18:43:00+00:00,1554175884734734336,"@Yurimagrelin @cirogomes @gioewbank Qualquer um que se proponha a ser presidente do Brasil precisa saber lidar com as palavras utilizadas ao se referenciar aos outros povos, principalmente tratando-se de Portugal que diplomaticamente √© um pa√≠s amigo do Brasil.",Ciro
2022-08-01 18:42:57+00:00,1554175869983260672,"@malaguetapbp @cirogomes @gioewbank Sim,partido d Brizola,q mesmo c seis votos traidores a favor d cassa√ß√£o d Dilma o diret√≥rio e atual candidato a presid√™ncia ficaram contra golpe
Q enviou pedidos de investiga√ß√£o sobre gov militar durante Pandemia, pedidos de impeachment d atual presidente. Defesa do renda m√≠nima",Ciro
2022-08-01 18:42:55+00:00,1554175864480342018,@fabioojuca @cirogomes at√© qndo o v√≠deo n√£o tem NADA do PT aparece algu√© com d√≥ da quadrilha...kkkkkkkkkkkkk,Ciro
2022-08-01 18:42:46+00:00,1554175826471550976,@fsvilela @EvaLopesdaSilv4 @Vana_FN @cirogomes @CartunistaT Perfeito bah...,Ciro
2022-08-01 18:42:35+00:00,1554175776811008002,"@caiofabiovvtv @cirogomes Te admiro muito, uma das poucas vozes lucidas e que entende cristo de verdade!",Ciro
2022-08-01 18:42:34+00:00,1554175773702885377,"No Cear√°, Tasso declara apoio ao candidato de Ciro Gomes para o governo https://t.co/lds1FuOZkq #not√≠cias",Ciro
2022-08-01 18:42:33+00:00,1554175769508827136,@tricolor277 @ibanez_almeida @historia_pensar @cirogomes @CartunistaT √â a primeira vez q vejo algu√©m reclamando de algu√©m q qr ir em debate mas n√£o qr ser atacado por fake news e condena√ß√£o pol√≠tica ü§ô,Ciro
2022-08-01 18:42:31+00:00,1554175760616808448,"@cirogomes Com Lula, diz, foi diferente. ‚ÄúTodos faziam muito alarde quando me viam, mas ningu√©m ajudou. O Lula ajudou. Criou uma indeniza√ß√£o, porque essas pessoas eram arrancadas de suas casas feito cachorro na carrocinha. N√£o posso falar mal do presidente Lula.‚Äù
Ney",Ciro
2022-08-01 18:42:30+00:00,1554175757689274368,@Ricamconsult Ciro Gomes √© o cara.,Ciro
2022-08-01 18:42:22+00:00,1554175724097003520,"@DiegoMontelo @Hrlei1 @WanderleiTO @Laurez_Moreira @cirogomes Olha, no primeiro turno eu vou votar numa mulher. No segundo, eu te garanto que n√£o √© no Bolsonaro.",Ciro
2022-08-01 18:42:22+00:00,1554175722872242177,"@GustavoPradoCas @dapah @titobah @cirogomes No sistema pol√≠tico que Ciro participa √© preciso governabilidade. A n√£o ser que ele goste apenas de ser um candidato. Quando ele foi prefeito e governador n√£o governou com referendos, mas com alian√ßas. S√≥ isto que pontuo. Se ele quer ser presidente vai precisar ""sujar"" as m√£os.",Ciro
2022-08-01 18:42:20+00:00,1554175713938493440,@sacha_faria @cirogomes @CartunistaT deixaaaaaaaaaaaaaaaaaaaaaaaaaaaaaaaaaa,Ciro
2022-08-01 18:42:16+00:00,1554175698310516736,"Ciro Gomes, da sinais q poder√° desistir da candidatura a presid√™ncia.
Se assim fizer, dar√° apoio ao PT, se concoedarem  q algumas pautas do seu projeto sejam inseridos no projeto do PT",Ciro
2022-08-01 18:42:09+00:00,1554175669147402243,@cirogomes @CartunistaT Para com essa M.... √â horr√≠vel ü§åüèΩ,Ciro
2022-08-01 18:42:02+00:00,1554175641179897856,"@cirogomes ‚ÄúAcho que justi√ßa tem que ser feita, sabe? Trabalhei muito tempo com uma associa√ß√£o de ex-hansenianos e a √∫nica pessoa que ajudou foi o presidente Lula. Fui a seis ministros da Sa√∫de.""
Ney",Ciro
2022-08-01 18:42:00+00:00,1554175632480894976,@CaboDaci @JoiaPereiraW1 @adeesantana @cirogomes üåπüòò,Ciro
2022-08-01 18:41:59+00:00,1554175627502264321,@alertatotal @LulaOficial @jairbolsonaro @cirogomes Agora quero ver debates,Ciro
2022-08-01 18:41:51+00:00,1554175595076112385,"@cirogomes Vc acha mesmo que esse seu discursinho manjado de ataque ao PT, Lula e Bolsonaro vai te ajudar em alguma coisa?
Cir√£o meu brother, vc j√° viu quanto t√° a passagem pra Paris? Tu vai gastar um nota preta",Ciro
2022-08-01 18:41:48+00:00,1554175583067770881,"@menine_marx @ibanez_almeida @historia_pensar @cirogomes @CartunistaT N√£o existe candidato que proponha mais o debate de ideias, problemas e solu√ß√µes do Ciro Gomes.
Quem quer debater proposta vai em sabatina, debatia, entrevista... E n√£o se nega a dizer oq far√° e como far√°.",Ciro
2022-08-01 18:41:29+00:00,1554175501165527041,"@cirogomes @CartunistaT Cada dia mais perto de um hosp√≠cio, Ciro.",Ciro
2022-08-01 18:41:24+00:00,1554175481636855809,@cirogomes @CartunistaT Meu Deus ü§¶üèæ‚Äç‚ôÄÔ∏è,Ciro
2022-08-01 18:41:07+00:00,1554175409461288960,@cirogomes Para de atacar o PT e se concentra em ganhar est√° elei√ß√£o por favor. Voc√™ √© o √∫nico que tem planejamento e estudo para mudar o Brasil para melhor.,Ciro
2022-08-01 18:40:24+00:00,1554175230976954368,"Augusto Nunes, Alexandre Garcia, Constantino, Guilherme Fiuza, Caio Coppola, Adrilis Jorge, Ana P Henkel, S√©rgio Moro, Paulo Kogos, Carluxo, Luciano Hang, Malafaia, CIRO GOMES, Jovem Klan, Estad√£o, Veja, R. Oeste, MBL...

PRA MIM √â TUDO A MESMA COISA

Eles vivem em fun√ß√£o do Lula",Ciro
2022-08-01 18:40:17+00:00,1554175201751044096,"@aguedescartoon Bob Jeff pra presidente?? 
üé∂ Hell naw, to the naw, naw, naw 
Hell to the naw, to the naw, naw, naw 

#PrefiroCiroPresidente12 @cirogomes https://t.co/nHzc2Dt4Kq",Ciro
2022-08-01 18:40:13+00:00,1554175182956367874,@cirogomes V√° se tratar home‚Ä¶ se preserve,Ciro
2022-08-01 18:40:02+00:00,1554175138819702784,@cirogomes @CartunistaT Mestre dos Magos? Ent√£o foi por isso que voc√™ fugiu no momento decisivo da elei√ß√£o passada. Entendi s√≥ agora!,Ciro
2022-08-01 18:39:56+00:00,1554175113502801921,@alertatotal @LulaOficial @jairbolsonaro @cirogomes Mas ele n√£o t√° preso? ü§î,Ciro
2022-08-01 18:39:14+00:00,1554174937207898115,@cirogomes @GloboNews J√° decidiu pra onde vai viajar no segundo turno? Poderia abrir uma enquete...,Ciro
2022-08-01 18:39:10+00:00,1554174918601891841,"@menine_marx @ibanez_almeida @historia_pensar @cirogomes @CartunistaT ""Regras s√£o necess√°rias""
Sim, s√£o. Por acaso vc j√° viu algum debate sem regras? Mas √© a 1¬∞ vez que vejo candidato impondo regras pra ir deater.

""Debate Collor - Lula""
Talvez vc n√£o saiba, mas aquele debate foi gravado e faz quase 20 anos que os debates s√£o ao vivo.",Ciro
2022-08-01 18:39:04+00:00,1554174894455365634,"@DiegoMontelo @Hrlei1 @WanderleiTO @Laurez_Moreira @cirogomes Esse eu n√£o sei dizer. Ali√°s, pra mim √© s√≥ fora Bolsonaro! Mas pedir votos para candidatos √° presidente, j√°m√©! 
Eu nunca fui eleitora do Paulo Mour√£o e n√£o √© agora que vou ser.",Ciro
2022-08-01 18:39:00+00:00,1554174875841007616,@moura_101 Chama o @cirogomes para um sabatina,Ciro
2022-08-01 18:38:52+00:00,1554174845159723012,"@cirogomes @gioewbank Quem define, se representa ou n√£o ?",Ciro
2022-08-01 18:38:51+00:00,1554174838905905152,"@BarditoOficial @roneissu @alvaroborba E o que tem o A√©cio com Ciro Gomes?

https://t.co/r2UGOyOtsU",Ciro
2022-08-01 18:38:50+00:00,1554174833503641605,"Mas √© a cara do @cirogomes mesmo...
Some quando a gente mais precisa! https://t.co/0G8ge5PClv",Ciro
2022-08-01 18:38:43+00:00,1554174805477412870,"@cirogomes @gioewbank Poxa Ciro, cad√™ tua chapa com a Simone tebet? Voc√™s seriam expoentes necess√°rios para ajudar a salvarmos o Brasil ü•∫üòå",Ciro
2022-08-01 18:38:01+00:00,1554174631535337472,"@M_Madd @cirogomes @gioewbank pera√≠...""a esquerda do PDT""? 
KKKKKKKKKKKKKKKKKKKK",Ciro
2022-08-01 18:37:30+00:00,1554174498538127361,"@caiofabiovvtv @cirogomes Excelente. Gosto do @caiofabiovvtv e gosto do @cirogomes
Esse encontro √© promessa de um papo de alto n√≠vel...",Ciro
2022-08-01 18:37:29+00:00,1554174493651861504,"üëáDois caras de pau, reclamando da falta de vergonha de um governo que eles pr√≥prios apoiaram, sendo que Ciro Gomes era quem, sabidamente, o comandava!!!                                                         Vejam que absurdo, quando o falastr√£o Ciro Gomes, no alto de seu deseq https://t.co/78NWEZE8tM",Ciro
2022-08-01 18:37:13+00:00,1554174429869051906,@hugossouto @cirogomes @CartunistaT Eles v√£o morar no Leblon‚Ä¶. Hahahaha!,Ciro
2022-08-01 18:36:43+00:00,1554174302345433089,"@dogszaylan @cartacapital @cirogomes @jairbolsonaro @LulaOficial Se nem Lula e nem o bozo disputassem essa elei√ß√£o, o segundo turno seria composto pelos indicados dos dois. O Ciranha n√£o vai pro segundo turno nem disputando com um cupim",Ciro
2022-08-01 18:36:40+00:00,1554174290693693442,@cirogomes @CartunistaT √â o outro n√≠vel do sobrinho que fazia Corel draw kkkk vergonha alheia perde,Ciro
2022-08-01 18:36:38+00:00,1554174283206823936,"@fabiohipermidia @Silviamariadoa1 @cirogomes Somos Ciro,para vencer.",Ciro
2022-08-01 18:36:16+00:00,1554174187627069440,"@HatoryWoox @marcelogbrito @JornalismoWando E quem perde algu√©m do calibre do Ciro Gomes √© voc√™, eu, o seu pai, a sua m√£e, o seu amigo, o z√© na feira e todo o povo brasileiro.

Ainda n√£o percebeu as conex√µes? üëá https://t.co/OzV7w0h3P7",Ciro
2022-08-01 18:36:12+00:00,1554174174201102344,"@huglevison Presidente: Ciro Gomes 
Governador: Ronaldo Caiado 
Senador: ?
Dep. Federal: ?
Dep. Estadual: ?",Ciro
2022-08-01 18:36:00+00:00,1554174120794923008,"Todos aqui sabem que nos √∫ltimos anos eu tenho me engajado na campanha de Ciro e disseminado o PND. No entanto, devido √† possibilidade de golpe e a vantagem de Lula nas pesquisas, REAFIRMO MEU VOTO EM CIRO GOMES, pois uma coisa n√£o tem nada a ver com a outra.",Ciro
2022-08-01 18:35:41+00:00,1554174043162558465,"@SolMarTerr @alertatotal @LulaOficial @jairbolsonaro @cirogomes Os erros de Roberto Jeferson n√£o s√£o nada diante dos erros do Lula,ningu√©m ganha do Lula e PT em roubos e manipula√ß√µes,sem falar o envolvimento dele com o PCC e terroristas.",Ciro
2022-08-01 18:35:22+00:00,1554173961340157952,"@APrimeiraVia @Gielamo @cirogomes Kkkkkk a maconha que voc√™s est√£o fumando vc est√° estragada!!!
üòÇü§£üòÇü§£",Ciro
2022-08-01 18:34:52+00:00,1554173836878401536,"@SamPancher Volta do Temer? 
üé∂ Hell naw, to the naw, naw, naw 
Hell to the naw, to the naw, naw, naw 
#PrefiroCiro #CiroPresidente12 @cirogomes https://t.co/vUaSnZLT3T",Ciro
2022-08-01 18:34:37+00:00,1554173772227297280,@cirogomes @CartunistaT Q l√°stima.,Ciro
2022-08-01 18:34:36+00:00,1554173770834874370,@malaguetapbp @cirogomes @gioewbank Se aliado com a esquerda do PDT que denuncia que gov militar segue as mesmas diretrizes pr√≥ rentismo que o PT?,Ciro
2022-08-01 18:34:21+00:00,1554173705139412998,@Red_Insurgent6 @cirogomes @gioewbank https://t.co/k9Cj5vtcbb,Ciro
